<?xml version="1.0" encoding="UTF-8"?>
<project-private xmlns="http://www.netbeans.org/ns/project-private/1">
    <editor-bookmarks xmlns="http://www.netbeans.org/ns/editor-bookmarks/2" lastBookmarkId="0"/>
    <open-files xmlns="http://www.netbeans.org/ns/projectui-open-files/2">
        <group>
            <file>file:/C:/Documentos/UVG/CUARTO%20AÑO/Primer%20Semestre/ELECTRONICA%20DIGITAL%202/Laboratorio/IE3027-Digital_2_18483/Laboratorio%203/Mplabx/Lab3.X/confb.c</file>
            <file>file:/C:/Documentos/UVG/CUARTO%20AÑO/Primer%20Semestre/ELECTRONICA%20DIGITAL%202/Laboratorio/IE3027-Digital_2_18483/Laboratorio%203/Mplabx/Lab3.X/adc.c</file>
            <file>file:/C:/Documentos/UVG/CUARTO%20AÑO/Primer%20Semestre/ELECTRONICA%20DIGITAL%202/Laboratorio/IE3027-Digital_2_18483/Laboratorio%203/Mplabx/Lab3.X/INT.h</file>
            <file>file:/C:/Documentos/UVG/CUARTO%20AÑO/Primer%20Semestre/ELECTRONICA%20DIGITAL%202/Laboratorio/IE3027-Digital_2_18483/Laboratorio%203/Mplabx/Lab3.X/CONFIG.c</file>
            <file>file:/C:/Documentos/UVG/CUARTO%20AÑO/Primer%20Semestre/ELECTRONICA%20DIGITAL%202/Laboratorio/IE3027-Digital_2_18483/Laboratorio%203/Mplabx/Lab3.X/lcd.h</file>
            <file>file:/C:/Documentos/UVG/CUARTO%20AÑO/Primer%20Semestre/ELECTRONICA%20DIGITAL%202/Laboratorio/IE3027-Digital_2_18483/Laboratorio%203/Mplabx/Lab3.X/adc.h</file>
            <file>file:/C:/Documentos/UVG/CUARTO%20AÑO/Primer%20Semestre/ELECTRONICA%20DIGITAL%202/Laboratorio/IE3027-Digital_2_18483/Laboratorio%203/Mplabx/Lab3.X/LCD.c</file>
            <file>file:/C:/Documentos/UVG/CUARTO%20AÑO/Primer%20Semestre/ELECTRONICA%20DIGITAL%202/Laboratorio/IE3027-Digital_2_18483/Laboratorio%203/Mplabx/Lab3.X/INT.c</file>
            <file>file:/C:/Documentos/UVG/CUARTO%20AÑO/Primer%20Semestre/ELECTRONICA%20DIGITAL%202/Laboratorio/IE3027-Digital_2_18483/Laboratorio%203/Mplabx/Lab3.X/Lab3.c</file>
            <file>file:/C:/Documentos/UVG/CUARTO%20AÑO/Primer%20Semestre/ELECTRONICA%20DIGITAL%202/Laboratorio/IE3027-Digital_2_18483/Laboratorio%203/Mplabx/Lab3.X/confb.h</file>
        </group>
    </open-files>
</project-private>
