<?xml version="1.0" encoding="UTF-8"?>
<project-private xmlns="http://www.netbeans.org/ns/project-private/1">
    <editor-bookmarks xmlns="http://www.netbeans.org/ns/editor-bookmarks/2" lastBookmarkId="0"/>
    <open-files xmlns="http://www.netbeans.org/ns/projectui-open-files/2">
        <group>
            <file>file:/C:/Documentos/UVG/CUARTO%20AÑO/Primer%20Semestre/ELECTRONICA%20DIGITAL%202/Laboratorio/IE3027-Digital_2_18483/MiniProyecto%201/Mplabx%201/master.X/spimaster.c</file>
            <file>file:/C:/Documentos/UVG/CUARTO%20AÑO/Primer%20Semestre/ELECTRONICA%20DIGITAL%202/Laboratorio/IE3027-Digital_2_18483/MiniProyecto%201/Mplabx%201/master.X/master.c</file>
            <file>file:/C:/Documentos/UVG/CUARTO%20AÑO/Primer%20Semestre/ELECTRONICA%20DIGITAL%202/Laboratorio/IE3027-Digital_2_18483/MiniProyecto%201/Mplabx%201/master.X/EUSCON.c</file>
            <file>file:/C:/Documentos/UVG/CUARTO%20AÑO/Primer%20Semestre/ELECTRONICA%20DIGITAL%202/Laboratorio/IE3027-Digital_2_18483/MiniProyecto%201/Mplabx%201/master.X/lcd.c</file>
        </group>
    </open-files>
</project-private>
