<?xml version="1.0" encoding="UTF-8"?>
<project-private xmlns="http://www.netbeans.org/ns/project-private/1">
    <editor-bookmarks xmlns="http://www.netbeans.org/ns/editor-bookmarks/2" lastBookmarkId="0"/>
    <open-files xmlns="http://www.netbeans.org/ns/projectui-open-files/2">
        <group>
            <file>file:/C:/Users/galic/Documents/UVG/CUARTO%20AÑO/ELECTRONICA%20DIGITAL%202/Laboratorio/IE3027-Digital_2_18483/MiniProyecto_2/mproyecto2.X/CONM2.c</file>
            <file>file:/C:/Users/galic/Documents/UVG/CUARTO%20AÑO/ELECTRONICA%20DIGITAL%202/Laboratorio/IE3027-Digital_2_18483/MiniProyecto_2/mproyecto2.X/mini2.c</file>
        </group>
    </open-files>
</project-private>
